grant_id,project_title,abstract,retry_case,retry_trigger_id,year,investigator,source_file,reference_primary_label
MRETRY-001,Team learning after product failures,Studies how teams update routines and coordinate work after unsuccessful product launches.,normal,,2025,Alex Rivera,multisegment_retry_synthetic.csv,organizational
MRETRY-002,Transparent pricing in digital markets,Tests how disclosure of seller fees changes consumer search and market prices.,omit_when_trigger_present,MRETRY-001,2025,Morgan Lee,multisegment_retry_synthetic.csv,financial
MRETRY-003,Efficient models for document classification,Develops compact machine-learning methods for classifying large collections of research documents.,normal,,2026,Sam Patel,multisegment_retry_synthetic.csv,technical
MRETRY-004,Leadership transitions and employee voice,Examines whether leadership succession changes employees' willingness to raise operational concerns.,normal,,2026,Jordan Kim,multisegment_retry_synthetic.csv,organizational
MRETRY-005,Investor attention during earnings calls,Measures how shifts in investor attention affect reactions to corporate earnings disclosures.,normal,,2025,Taylor Brooks,multisegment_retry_synthetic.csv,financial
MRETRY-006,Auditing data pipelines at scale,Creates technical methods to detect schema drift and missing records in large data pipelines.,normal,,2026,Casey Nguyen,multisegment_retry_synthetic.csv,technical
MRETRY-007,Community gardens and neighborhood trust,Evaluates whether shared garden programs strengthen trust among urban neighbors.,normal,,2025,Riley Chen,multisegment_retry_synthetic.csv,other
MRETRY-008,Coordination in hybrid work groups,Studies communication routines and coordination quality in teams working across office and remote settings.,normal,,2026,Drew Williams,multisegment_retry_synthetic.csv,organizational
MRETRY-009,Forecasting liquidity with alternative data,Builds forecasting models that use transaction signals to estimate market liquidity.,normal,,2026,Jamie Ortiz,multisegment_retry_synthetic.csv,financial
MRETRY-010,Secure storage for collaborative analytics,Designs privacy-preserving storage systems for researchers sharing large analytical datasets.,normal,,2025,Avery Johnson,multisegment_retry_synthetic.csv,technical
MRETRY-011,Peer mentoring in new ventures,Tests whether structured peer mentoring improves role clarity and retention in early-stage companies.,normal,,2026,Cameron Shah,multisegment_retry_synthetic.csv,organizational
MRETRY-012,Credit access for neighborhood retailers,Measures how changes in lending standards affect investment by small urban retailers.,normal,,2025,Robin Ellis,multisegment_retry_synthetic.csv,financial
MRETRY-013,Robust extraction from scanned reports,Develops vision-language methods for extracting structured tables from noisy scanned documents.,normal,,2026,Emerson Park,multisegment_retry_synthetic.csv,technical
MRETRY-014,Public art and pedestrian activity,Examines whether temporary public art installations change pedestrian use of commercial corridors.,omit_when_trigger_present,MRETRY-013,2025,Quinn Foster,multisegment_retry_synthetic.csv,other
MRETRY-015,Board expertise and acquisition decisions,Studies how directors' industry expertise shapes acquisition screening and post-merger oversight.,normal,,2026,Parker Lewis,multisegment_retry_synthetic.csv,organizational
MRETRY-016,Household responses to overdraft fees,Estimates how fee disclosures influence account balances and short-term borrowing decisions.,normal,,2025,Hayden Moore,multisegment_retry_synthetic.csv,financial
MRETRY-017,Detecting drift in clinical classifiers,Creates monitoring methods that identify performance drift in deployed clinical prediction systems.,normal,,2026,Reese Taylor,multisegment_retry_synthetic.csv,technical
MRETRY-018,Library programs and digital inclusion,Evaluates community library training programs intended to improve access to online public services.,normal,,2025,Skyler Davis,multisegment_retry_synthetic.csv,other
MRETRY-019,Manager feedback and process improvement,Tests how the timing and specificity of manager feedback affect employee process improvements.,normal,,2026,Finley Martin,multisegment_retry_synthetic.csv,organizational
MRETRY-020,Market reactions to climate disclosures,Measures investor responses to standardized corporate climate-risk disclosures.,normal,,2025,Dakota Clark,multisegment_retry_synthetic.csv,financial
MRETRY-021,Energy-efficient distributed training,Develops scheduling algorithms that reduce energy use during distributed machine-learning training.,normal,,2026,Rowan Baker,multisegment_retry_synthetic.csv,technical
MRETRY-022,Transit reliability and job access,Studies how bus service reliability affects access to employment opportunities across neighborhoods.,normal,,2025,Kendall Young,multisegment_retry_synthetic.csv,other
MRETRY-023,Cross-functional routines in product teams,Examines how recurring cross-functional meetings influence product development speed and conflict resolution.,normal,,2026,Marley Scott,multisegment_retry_synthetic.csv,organizational
MRETRY-024,Real-time detection of payment fraud,Builds interpretable streaming models for identifying fraudulent electronic payment transactions.,normal,,2026,Arden Hall,multisegment_retry_synthetic.csv,technical
MRETRY-025,Employee onboarding and knowledge transfer,Studies how onboarding routines transfer practical knowledge to employees joining distributed teams.,normal,,2026,Sage Murphy,multisegment_retry_synthetic.csv,organizational
MRETRY-026,Consumer responses to subscription fees,Measures how itemized subscription fees change renewal and cancellation decisions.,omit_when_trigger_present,MRETRY-025,2025,Blair Reed,multisegment_retry_synthetic.csv,financial
MRETRY-027,Efficient indexing for research archives,Develops indexing algorithms for fast retrieval across large collections of research documents.,normal,,2026,Kai Bennett,multisegment_retry_synthetic.csv,technical
MRETRY-028,Neighborhood cooling-center access,Evaluates whether transit links improve access to public cooling centers during extreme heat.,normal,,2025,Micah Flores,multisegment_retry_synthetic.csv,other
MRETRY-029,Team incentives and product quality,Tests how shared performance incentives affect coordination and product quality in design teams.,normal,,2026,Noel Cooper,multisegment_retry_synthetic.csv,organizational
MRETRY-030,Disclosure timing in bond markets,Studies how the timing of risk disclosures influences pricing in municipal bond markets.,normal,,2025,Shawn Price,multisegment_retry_synthetic.csv,financial
