grant_id,project_title,abstract,year,investigator,source_file
GRANT-001,Team learning after product failures,Studies how teams update routines and coordinate work after unsuccessful product launches.,2025,Alex Rivera,synthetic_2025.csv
GRANT-002,Transparent pricing in digital markets,Tests how disclosure of seller fees changes consumer search and market prices.,2025,Morgan Lee,synthetic_2025.csv
GRANT-003,Efficient models for document classification,Develops compact machine-learning methods for classifying large collections of research documents.,2026,Sam Patel,synthetic_2026.csv
GRANT-004,Leadership transitions and employee voice,Examines whether leadership succession changes employees' willingness to raise operational concerns.,2026,Jordan Kim,synthetic_2026.csv
GRANT-005,Investor attention during earnings calls,Measures how shifts in investor attention affect reactions to corporate earnings disclosures.,2025,Taylor Brooks,synthetic_2025.csv
GRANT-006,Auditing data pipelines at scale,Creates technical methods to detect schema drift and missing records in large data pipelines.,2026,Casey Nguyen,synthetic_2026.csv
GRANT-007,Community gardens and neighborhood trust,Evaluates whether shared garden programs strengthen trust among urban neighbors.,2025,Riley Chen,synthetic_2025.csv
GRANT-008,Coordination in hybrid work groups,Studies communication routines and coordination quality in teams working across office and remote settings.,2026,Drew Williams,synthetic_2026.csv
GRANT-009,Forecasting liquidity with alternative data,Builds forecasting models that use transaction signals to estimate market liquidity.,2026,Jamie Ortiz,synthetic_2026.csv
GRANT-010,Secure storage for collaborative analytics,Designs privacy-preserving storage systems for researchers sharing large analytical datasets.,2025,Avery Johnson,synthetic_2025.csv

